{"cameraMode":{"drawMode":0,"name":"Shaded","section":"Shading Mode"},"sceneLighting":false,"audioPlay":false,"sceneViewState":{"showFog":true,"showMaterialUpdate":false,"showSkybox":false,"showFlares":true,"showImageEffects":true,"showParticleSystems":true,"showVisualEffectGraphs":true,"m_FxEnabled":true},"in2DMode":false,"pivot":{"x":2.384185791015625e-7,"y":0.8855711221694946,"z":-0.005010195076465607},"rotation":{"x":-0.006412881892174482,"y":-0.981281578540802,"z":0.19050461053848267,"w":-0.03816371038556099},"size":1.3382399082183838,"orthographic":false}