{"cameraMode":{"drawMode":0,"name":"Shaded","section":"Shading Mode"},"sceneLighting":false,"audioPlay":false,"sceneViewState":{"showFog":true,"showMaterialUpdate":false,"showSkybox":false,"showFlares":true,"showImageEffects":true,"showParticleSystems":true,"showVisualEffectGraphs":true,"m_FxEnabled":true},"in2DMode":false,"pivot":{"x":6.900000095367432,"y":0.7974119186401367,"z":0.8511180877685547},"rotation":{"x":-0.026947801932692529,"y":-0.974605917930603,"z":0.12437717616558075,"w":-0.18669390678405763},"size":1.1730753183364869,"orthographic":false}